date,open,high,low,close,volume,return_1d,ma_5,ma_20,ma_50
2024-01-02 07:00:00,16.81,17.38,16.81,17.16,13883500,,,,
2024-01-03 07:00:00,17.2,17.55,17.02,17.55,9803400,0.022727272727272707,,,
2024-01-04 07:00:00,17.69,18.01,17.62,17.76,23587800,0.011965811965811923,,,
2024-01-05 07:00:00,17.76,17.87,17.59,17.87,9272100,0.006193693693693714,,,
2024-01-08 07:00:00,18.04,18.08,17.69,17.8,12389600,-0.003917179630665957,17.628,,
2024-01-09 07:00:00,17.73,17.8,17.52,17.55,15449500,-0.014044943820224698,17.706,,
2024-01-10 07:00:00,17.69,17.9,17.55,17.73,17603300,0.01025641025641022,17.741999999999997,,
2024-01-11 07:00:00,17.83,18.08,17.66,17.73,9933500,0.0,17.736,,
2024-01-12 07:00:00,17.66,18.39,17.59,18.11,25561200,0.021432600112803124,17.784,,
2024-01-15 07:00:00,18.25,18.25,17.76,17.76,11719300,-0.019326339039204776,17.776000000000003,,
2024-01-16 07:00:00,17.83,17.94,17.59,17.83,12380200,0.003941441441441151,17.832,,
2024-01-17 07:00:00,17.87,18.11,17.8,17.83,9714300,0.0,17.852,,
2024-01-18 07:00:00,17.87,18.08,17.8,17.97,9611300,0.007851934941110583,17.9,,
2024-01-19 07:00:00,18.11,18.22,18.01,18.22,12771300,0.013912075681691727,17.922,,
2024-01-22 07:00:00,18.39,18.46,18.11,18.46,12001200,0.01317233809001106,18.061999999999998,,
2024-01-23 07:00:00,18.43,18.57,18.29,18.29,11731500,-0.009209100758396649,18.154,,
2024-01-24 07:00:00,18.29,18.32,18.04,18.11,11341900,-0.009841443411700346,18.21,,
2024-01-25 07:00:00,18.15,18.18,17.97,18.11,5086300,0.0,18.238,,
2024-01-26 07:00:00,18.15,18.53,18.15,18.46,6856000,0.019326339039204887,18.285999999999998,,
2024-01-29 07:00:00,18.6,18.6,18.22,18.22,9276600,-0.01300108342361872,18.238,17.926,
2024-01-30 07:00:00,18.29,18.39,18.18,18.22,6379000,0.0,18.223999999999997,17.979,
2024-01-31 07:00:00,18.32,18.32,17.94,18.08,12158100,-0.007683863885839748,18.217999999999996,18.0055,
2024-02-01 07:00:00,18.04,18.32,18.04,18.25,6281100,0.009402654867256777,18.246,18.029999999999998,
2024-02-02 07:00:00,18.22,18.46,18.15,18.43,14529200,0.009863013698630185,18.240000000000002,18.058,
2024-02-05 07:00:00,18.43,19.66,18.36,19.52,28121400,0.05914270211611505,18.5,18.144,
2024-02-06 07:00:00,19.55,19.59,19.41,19.55,5447300,0.0015368852459016757,18.766,18.244,
2024-02-07 07:00:00,19.55,19.8,19.55,19.66,11893900,0.005626598465473087,19.082,18.3405,
2024-02-15 07:00:00,19.69,19.94,19.1,19.1,14244300,-0.028484231943031513,19.252000000000002,18.409,
2024-02-16 07:00:00,19.31,19.38,19.17,19.38,9495400,0.014659685863874117,19.442,18.4725,
2024-02-19 07:00:00,19.45,19.45,19.1,19.45,11856900,0.003611971104231282,19.428,18.557,
2024-02-20 07:00:00,19.31,19.48,19.2,19.34,7316400,-0.005655526992287885,19.386000000000003,18.6325,
2024-02-21 07:00:00,19.31,19.59,19.24,19.45,10251900,0.0056876938986556436,19.344,18.7135,
2024-02-22 07:00:00,19.45,19.48,19.31,19.41,7401800,-0.0020565552699228773,19.406,18.785500000000003,
2024-02-23 07:00:00,19.45,19.94,19.17,19.17,25975600,-0.012364760432766575,19.364,18.833,
2024-02-26 07:00:00,19.17,19.45,19.03,19.31,9785600,0.007303077725612672,19.336000000000002,18.8755,
2024-02-27 07:00:00,19.45,19.45,19.2,19.38,12054800,0.0036250647332989328,19.344,18.93,
2024-02-28 07:00:00,19.41,19.66,19.34,19.66,10460800,0.014447884416924683,19.386000000000003,19.0075,
2024-02-29 07:00:00,19.73,19.83,19.45,19.66,9951400,0.0,19.436,19.085,
2024-03-01 07:00:00,19.66,19.66,19.34,19.52,10193800,-0.007121057985757906,19.506,19.137999999999998,
2024-03-04 07:00:00,19.52,19.8,19.24,19.52,13216500,0.0,19.548,19.203,
2024-03-05 07:00:00,19.52,19.66,19.34,19.62,6332600,0.0051229508196721785,19.595999999999997,19.273,
2024-03-06 07:00:00,19.66,19.76,19.34,19.38,9791600,-0.012232415902140747,19.54,19.338,
2024-03-07 07:00:00,19.38,19.45,19.24,19.31,10165800,-0.003611971104231171,19.47,19.391,
2024-03-08 07:00:00,19.31,19.41,18.95,18.99,23017000,-0.016571724495080264,19.363999999999997,19.419,
2024-03-11 07:00:00,18.99,19.03,18.71,18.78,12015800,-0.011058451816745474,19.216,19.381999999999998,
2024-03-12 07:00:00,18.71,18.85,18.67,18.78,8312600,0.0,19.048000000000002,19.3435,
2024-03-13 07:00:00,18.78,19.41,18.78,19.41,8935300,0.033546325878594185,19.054,19.331,
2024-03-14 07:00:00,19.38,19.38,18.99,19.13,8224300,-0.014425553838227745,19.018,19.332500000000003,
2024-03-15 07:00:00,19.13,19.24,18.95,19.2,7822800,0.003659174072138116,19.06,19.323500000000003,
2024-03-18 07:00:00,19.1,19.2,18.74,18.88,14119300,-0.01666666666666672,19.08,19.294999999999998,18.6812
2024-03-19 07:00:00,18.81,18.99,18.78,18.85,7121300,-0.0015889830508473146,19.094,19.2705,18.715
2024-03-20 07:00:00,18.85,19.45,18.81,19.31,14002400,0.024403183023872455,19.074,19.2635,18.7502
2024-03-21 07:00:00,19.45,19.66,19.34,19.66,12818200,0.01812532366649422,19.18,19.276,18.7882
2024-03-22 07:00:00,19.83,20.32,19.59,19.76,22676200,0.0050864699898272026,19.292,19.305500000000002,18.826
2024-03-25 07:00:00,19.69,19.69,19.31,19.31,10187100,-0.02277327935222684,19.378,19.305500000000002,18.8562
2024-03-26 07:00:00,19.38,19.62,19.2,19.62,6283500,0.01605385810460902,19.532,19.317500000000003,18.897599999999997
2024-03-27 07:00:00,19.62,19.69,19.38,19.66,5958200,0.0020387359836899765,19.601999999999997,19.317500000000003,18.9362
2024-03-28 07:00:00,19.87,20.08,19.8,19.9,12423400,0.012207527975584886,19.65,19.3295,18.9796
2024-03-29 07:00:00,19.94,20.11,19.76,20.01,13489800,0.005527638190955031,19.7,19.354,19.0176
2024-04-01 07:00:00,19.8,20.01,19.73,19.97,6174900,-0.001999000499750214,19.832,19.3765,19.0618
2024-04-02 07:00:00,19.87,19.94,19.59,19.94,10409700,-0.001502253380069929,19.896,19.392500000000002,19.104
2024-04-03 07:00:00,19.8,19.94,19.59,19.66,10199400,-0.014042126379137487,19.896,19.4065,19.140600000000003
2024-04-04 07:00:00,19.69,19.69,19.34,19.34,11155900,-0.016276703967446626,19.784,19.408,19.168
2024-04-05 07:00:00,19.17,19.24,19.03,19.06,12289500,-0.014477766287487093,19.594,19.4115,19.1848
2024-04-08 07:00:00,19.06,19.13,18.92,19.06,6869300,0.0,19.412,19.425500000000003,19.1968
2024-04-09 07:00:00,19.06,19.17,18.99,19.17,5371500,0.00577124868835277,19.258,19.445,19.2144
2024-04-10 07:00:00,19.27,19.38,19.03,19.03,5122000,-0.007303077725613005,19.131999999999998,19.426000000000002,19.2328
2024-04-11 07:00:00,18.95,19.06,18.88,19.06,11286500,0.0015764582238568803,19.076,19.4225,19.2518
2024-04-12 07:00:00,19.1,19.66,18.95,19.66,9767600,0.03147953830010497,19.195999999999998,19.4455,19.2758
2024-04-15 07:00:00,19.52,19.66,18.85,18.85,16253800,-0.041200406917599075,19.154000000000003,19.444,19.2884
2024-04-16 07:00:00,18.85,19.06,18.78,19.06,17350400,0.011140583554376526,19.131999999999998,19.454500000000003,19.3052
2024-04-17 07:00:00,19.1,19.13,18.78,18.78,10479700,-0.014690451206715527,19.082,19.428,19.3192
2024-04-19 07:00:00,18.67,18.81,18.57,18.67,10862500,-0.005857294994675133,19.004,19.3785,19.3276
2024-04-22 07:00:00,18.88,18.92,18.74,18.81,6313700,0.007498660953401126,18.834,19.331,19.3352
2024-04-23 07:00:00,18.81,18.92,18.64,18.71,8540500,-0.005316321105794719,18.806,19.301,19.319000000000003
2024-04-24 07:00:00,18.81,19.03,18.74,18.99,6681200,0.014965259219668514,18.791999999999998,19.2695,19.3078
2024-04-25 07:00:00,18.95,18.99,18.78,18.81,5141600,-0.009478672985781977,18.798000000000002,19.226999999999997,19.2908
2024-04-26 07:00:00,18.81,18.95,18.67,18.85,5444000,0.0021265284423179764,18.833999999999996,19.174500000000002,19.2858
2024-05-02 07:00:00,18.85,19.06,18.81,18.95,4797900,0.0053050397877982824,18.862000000000002,19.1215,19.277199999999997
2024-05-03 07:00:00,19.03,19.31,19.03,19.31,8718800,0.018997361477572472,18.982,19.0885,19.2744
2024-05-06 07:00:00,19.31,19.45,19.2,19.38,7445000,0.0036250647332989328,19.06,19.060499999999998,19.275199999999998
2024-05-07 07:00:00,19.48,19.52,19.31,19.41,4300700,0.001547987616099089,19.18,19.048000000000002,19.2744
2024-05-08 07:00:00,19.31,19.41,19.17,19.34,4037700,-0.003606388459556964,19.278,19.048,19.273
2024-05-09 07:00:00,19.38,19.52,19.31,19.38,4100900,0.0020682523267838704,19.363999999999997,19.064,19.2772
2024-05-10 07:00:00,19.38,19.45,19.27,19.45,4909800,0.003611971104231282,19.392,19.083499999999997,19.28
2024-05-13 07:00:00,19.66,19.66,19.41,19.45,5551200,0.0,19.406,19.0975,19.281399999999998
2024-05-14 07:00:00,19.45,19.59,19.41,19.48,4470600,0.0015424164524422412,19.419999999999998,19.119999999999997,19.2778
2024-05-15 07:00:00,19.55,19.55,19.45,19.45,7803400,-0.0015400410677618437,19.442,19.139499999999998,19.273600000000002
2024-05-16 07:00:00,19.66,19.94,19.52,19.83,30203800,0.01953727506426728,19.532,19.148000000000003,19.2798
2024-05-17 07:00:00,19.83,19.94,19.8,19.83,8504100,0.0,19.607999999999997,19.197,19.285999999999998
2024-05-20 07:00:00,20.01,20.04,19.8,19.83,9333300,0.0,19.683999999999997,19.2355,19.2902
2024-05-21 07:00:00,19.83,19.87,19.55,19.8,10824000,-0.0015128593040846239,19.748,19.2865,19.2986
2024-05-22 07:00:00,19.8,19.83,19.59,19.62,9283100,-0.009090909090909038,19.782,19.334,19.3048
2024-05-23 07:00:00,19.66,20.01,19.66,19.97,10449700,0.01783893985728846,19.81,19.392,19.3244
2024-05-24 07:00:00,19.97,21.2,19.83,20.53,33848200,0.028042063094642078,19.95,19.483,19.3594
2024-05-27 07:00:00,20.71,20.96,20.53,20.67,7535500,0.006819288845591798,20.118000000000002,19.567,19.3972
2024-05-28 07:00:00,20.85,20.85,20.57,20.82,10686700,0.007256894049346707,20.322,19.6675,19.4254
2024-05-29 07:00:00,20.85,20.89,20.53,20.53,13447000,-0.01392891450528333,20.504,19.7515,19.4534
2024-05-30 07:00:00,20.46,20.64,20.25,20.64,13111100,0.005358012664393508,20.638,19.836,19.4822
2024-05-31 07:00:00,20.89,21.14,20.6,20.6,11122400,-0.0019379844961240345,20.652,19.9005,19.5166
2024-06-03 07:00:00,20.77,20.85,20.56,20.72,16242700,0.005825242718446422,20.662,19.9675,19.554000000000002
2024-06-04 07:00:00,20.72,20.72,20.43,20.47,9722200,-0.012065637065637014,20.592,20.0205,19.5772
2024-06-05 07:00:00,20.68,20.68,20.31,20.35,10785200,-0.005862237420615424,20.556,20.071,19.590999999999998
2024-06-06 07:00:00,20.39,20.47,20.31,20.35,8027700,0.0,20.497999999999998,20.1195,19.6028
2024-06-07 07:00:00,20.51,20.6,20.31,20.56,5887100,0.010319410319410194,20.490000000000002,20.175,19.6278
2024-06-10 07:00:00,20.56,20.64,20.31,20.39,7670900,-0.008268482490272233,20.424,20.222,19.6432
2024-06-11 07:00:00,20.39,20.43,20.14,20.18,9200500,-0.010299166257969672,20.366000000000003,20.256999999999998,19.653599999999997
2024-06-12 07:00:00,20.18,20.51,19.97,20.51,10388900,0.016352824578790948,20.398,20.310000000000002,19.6658
2024-06-13 07:00:00,20.51,20.81,20.39,20.72,11713500,0.010238907849829282,20.472,20.354499999999998,19.68
2024-06-14 07:00:00,20.64,20.81,20.56,20.56,11038000,-0.007722007722007707,20.472,20.391,19.691799999999997
2024-06-17 07:00:00,20.56,20.56,20.26,20.51,6368600,-0.0024319066147858726,20.496000000000002,20.425,19.703200000000002
2024-06-18 07:00:00,20.64,20.64,20.39,20.51,5724600,0.0,20.562,20.4605,19.7202
2024-06-19 07:00:00,20.51,20.64,20.26,20.6,7612500,0.004388103364212581,20.580000000000002,20.5095,19.7454
2024-06-20 07:00:00,20.51,20.77,20.39,20.72,10170900,0.005825242718446422,20.580000000000002,20.547000000000004,19.778599999999997
2024-06-21 07:00:00,20.77,20.77,20.47,20.51,5122000,-0.010135135135134976,20.57,20.546,19.8076
2024-06-24 07:00:00,20.56,20.56,19.97,20.14,14215300,-0.018039980497318475,20.496000000000002,20.5195,19.826999999999998
2024-06-25 07:00:00,20.05,20.22,19.97,20.1,6698400,-0.0019860973187685316,20.413999999999998,20.4835,19.848399999999998
2024-06-26 07:00:00,20.05,20.14,19.72,20.14,10135100,0.0019900497512437276,20.322,20.464000000000002,19.87
2024-06-27 07:00:00,20.05,20.14,19.89,20.01,4901400,-0.006454816285997977,20.18,20.4325,19.877
2024-06-28 07:00:00,19.89,20.05,19.85,19.89,5751000,-0.005997001499250421,20.056,20.397,19.897800000000004
2024-07-01 07:00:00,19.89,19.93,19.72,19.89,3933500,0.0,20.006,20.3555,19.9144
2024-07-02 07:00:00,19.89,20.14,19.8,20.1,5696300,0.010558069381598756,20.006,20.337,19.940800000000003
2024-07-03 07:00:00,20.18,20.39,20.01,20.26,5848800,0.007960199004975133,20.03,20.3325,19.9726
2024-07-04 07:00:00,20.31,20.35,20.01,20.18,6368100,-0.003948667324777944,20.064,20.324,20.0
2024-07-05 07:00:00,20.18,20.31,20.05,20.31,6335000,0.006442021803765963,20.148000000000003,20.311500000000002,20.032
2024-07-08 07:00:00,20.31,20.35,20.14,20.26,4943500,-0.002461841457410019,20.222,20.305,20.0574
2024-07-09 07:00:00,20.18,20.39,20.1,20.31,7986400,0.0024679170779859927,20.264,20.311500000000002,20.0874
2024-07-10 07:00:00,20.47,20.47,20.26,20.26,6470200,-0.002461841457410019,20.264000000000003,20.299,20.1156
2024-07-11 07:00:00,20.35,20.35,20.18,20.18,4990300,-0.003948667324777944,20.264,20.272,20.1402
2024-07-12 07:00:00,20.14,20.18,19.89,20.05,7151400,-0.006442021803766074,20.212,20.2465,20.155
2024-07-15 07:00:00,20.05,20.1,19.97,20.01,4481500,-0.001995012468827939,20.162,20.2215,20.1676
2024-07-16 07:00:00,20.05,20.31,20.01,20.14,6992700,0.006496751624187835,20.128,20.203000000000003,20.1822
2024-07-17 07:00:00,20.31,21.06,20.22,20.47,28890400,0.01638530287984108,20.169999999999998,20.1965,20.2048
2024-07-18 07:00:00,20.47,20.97,20.47,20.72,10659400,0.012212994626282336,20.278,20.196500000000004,20.2316
2024-07-19 07:00:00,20.72,21.14,20.6,20.97,17067800,0.012065637065637125,20.462,20.2195,20.262
2024-07-22 07:00:00,20.97,21.06,20.6,20.68,15146800,-0.013829279923700533,20.596,20.2465,20.2866
2024-07-23 07:00:00,20.72,20.81,20.05,20.05,15105000,-0.03046421663442933,20.578,20.244,20.298
2024-07-24 07:00:00,20.05,20.39,19.89,20.22,12248400,0.008478802992518686,20.528,20.247999999999998,20.313399999999998
2024-07-25 07:00:00,20.18,20.18,19.89,20.1,7155800,-0.0059347181008900796,20.404000000000003,20.2525,20.3188
2024-07-26 07:00:00,20.14,20.18,20.05,20.14,3447400,0.0019900497512437276,20.238,20.265,20.325
2024-07-29 07:00:00,20.31,20.31,20.1,20.18,4102600,0.0019860973187686426,20.137999999999998,20.2795,20.331999999999997
2024-07-30 07:00:00,20.05,20.18,20.01,20.18,5489200,0.0,20.163999999999998,20.2835,20.3396
2024-07-31 07:00:00,20.22,20.51,20.14,20.51,8548700,0.016352824578790948,20.222,20.296,20.3574
2024-08-01 07:00:00,20.47,20.56,20.01,20.01,9174700,-0.024378352023403216,20.204,20.2875,20.3582
2024-08-02 07:00:00,19.97,20.05,19.76,20.01,13706000,0.0,20.178,20.2725,20.3478
2024-08-05 07:00:00,19.72,19.93,19.34,19.39,20086500,-0.030984507746126932,20.020000000000003,20.229000000000003,20.3222
2024-08-06 07:00:00,19.64,19.76,19.43,19.64,8020900,0.012893243940175436,19.912000000000003,20.195500000000003,20.2986
2024-08-07 07:00:00,19.72,19.72,19.47,19.55,4400300,-0.0045824847250509615,19.720000000000002,20.160000000000004,20.279
2024-08-08 07:00:00,19.43,19.64,19.43,19.43,3649600,-0.006138107416879812,19.604000000000003,20.122500000000002,20.2548
2024-08-09 07:00:00,19.55,19.72,19.47,19.72,3006900,0.014925373134328401,19.546,20.106,20.2372
2024-08-12 07:00:00,19.72,19.89,19.47,19.89,4197300,0.008620689655172598,19.645999999999997,20.1,20.2206
2024-08-13 07:00:00,19.68,19.89,19.64,19.72,2850000,-0.008547008547008628,19.662,20.079,20.2056
2024-08-14 07:00:00,19.8,19.89,19.68,19.68,3316800,-0.0020283975659228792,19.688,20.0395,20.1922
2024-08-15 07:00:00,19.68,19.72,19.6,19.64,2655100,-0.00203252032520318,19.729999999999997,19.9855,20.178
2024-08-16 07:00:00,19.64,20.05,19.64,20.05,6516200,0.020875763747454146,19.796,19.939500000000002,20.1678
2024-08-19 07:00:00,20.05,20.18,20.01,20.1,3836600,0.0024937655860348684,19.838,19.9105,20.162
2024-08-20 07:00:00,20.1,20.31,20.05,20.14,5413000,0.0019900497512437276,19.922,19.915,20.1612
2024-08-21 07:00:00,20.1,20.39,20.1,20.39,6556900,0.012413108242303794,20.064,19.9235,20.1588
2024-08-22 07:00:00,20.47,20.51,20.31,20.39,6789100,0.0,20.214000000000002,19.938,20.1522
2024-08-23 07:00:00,20.39,20.47,20.26,20.43,3892900,0.0019617459538989745,20.29,19.9525,20.1496
2024-08-26 07:00:00,20.51,20.51,20.39,20.43,4921300,0.0,20.356,19.965,20.148
2024-08-27 07:00:00,20.43,20.47,20.39,20.43,4154700,0.0,20.413999999999998,19.9775,20.1464
2024-08-28 07:00:00,20.47,20.51,20.39,20.47,5222500,0.0019579050416054233,20.43,19.9755,20.143800000000002
2024-08-29 07:00:00,20.51,20.81,20.51,20.6,8588000,0.006350757205666913,20.472,20.005000000000003,20.1414
2024-08-30 07:00:00,20.6,20.72,20.6,20.72,4483800,0.005825242718446422,20.53,20.0405,20.1456
2024-09-04 07:00:00,20.47,20.64,20.43,20.6,5632900,-0.005791505791505669,20.564,20.101,20.1548
2024-09-05 07:00:00,20.6,20.64,20.43,20.47,3534700,-0.00631067961165066,20.572,20.142500000000002,20.1622
2024-09-06 07:00:00,20.47,20.56,20.43,20.56,5003500,0.004396678065461623,20.59,20.193,20.1706
2024-09-09 07:00:00,20.51,20.56,20.31,20.43,4686500,-0.006322957198443557,20.556,20.243,20.179
2024-09-10 07:00:00,20.43,20.51,20.14,20.26,6133500,-0.008321096426823216,20.464,20.270000000000003,20.1864
2024-09-11 07:00:00,20.18,20.26,20.14,20.18,3584100,-0.003948667324777944,20.380000000000003,20.2845,20.1922
2024-09-12 07:00:00,20.26,20.47,20.22,20.43,2617700,0.012388503468780954,20.372,20.32,20.1988
2024-09-13 07:00:00,20.39,20.43,20.26,20.39,2370800,-0.0019579050416054233,20.338,20.3555,20.2014
2024-09-16 07:00:00,20.39,20.51,20.18,20.18,3712400,-0.010299166257969672,20.288,20.3825,20.2014
2024-09-17 07:00:00,20.18,20.47,20.14,20.47,4078100,0.01437066402378595,20.330000000000002,20.4035,20.2046
2024-09-18 07:00:00,20.47,20.68,20.35,20.6,8718500,0.006350757205666913,20.413999999999998,20.428500000000003,20.211399999999998
2024-09-19 07:00:00,20.68,20.77,20.56,20.72,5219400,0.005825242718446422,20.472,20.4575,20.2196
2024-09-20 07:00:00,20.81,21.56,20.81,21.43,34310900,0.03426640926640934,20.68,20.5095,20.243
2024-09-23 07:00:00,21.48,21.73,21.39,21.43,8574100,0.0,20.93,20.561500000000002,20.268
2024-09-24 07:00:00,21.43,21.56,21.22,21.56,12775500,0.006066262249183385,21.148,20.618000000000002,20.298199999999998
2024-09-25 07:00:00,21.73,21.89,21.56,21.89,23014300,0.015306122448979664,21.406,20.691,20.3358
2024-09-26 07:00:00,21.98,22.02,21.73,21.73,18172200,-0.007309273640931924,21.608,20.756,20.3676
2024-09-27 07:00:00,21.73,22.06,21.64,21.64,10807400,-0.004141739530602817,21.65,20.814500000000002,20.391
2024-09-30 07:00:00,21.48,21.68,21.48,21.52,8455300,-0.005545286506469571,21.668,20.8605,20.407
2024-10-01 07:00:00,21.52,21.85,21.52,21.52,10408300,0.0,21.66,20.9005,20.418
2024-10-02 07:00:00,21.48,21.81,21.39,21.56,10112400,0.0018587360594795044,21.594,20.948500000000003,20.4356
2024-10-03 07:00:00,21.68,21.98,21.48,21.48,14798400,-0.0037105751391465214,21.544,20.999,20.4642
2024-10-04 07:00:00,21.48,21.52,21.22,21.22,8664100,-0.012104283054003795,21.46,21.032,20.4842
2024-10-07 07:00:00,21.31,21.48,21.18,21.27,6769700,0.0023562676720074727,21.41,21.074,20.507600000000004
2024-10-08 07:00:00,21.31,21.43,21.18,21.31,6522700,0.0018805829807240215,21.368000000000002,21.1265,20.531
2024-10-09 07:00:00,21.39,21.93,21.35,21.93,20003200,0.029094321914594046,21.442,21.214000000000002,20.566
2024-10-10 07:00:00,22.06,22.14,21.77,21.89,9079400,-0.0018239854081166795,21.523999999999997,21.287,20.6002
2024-10-11 07:00:00,21.81,21.85,21.64,21.81,6560000,-0.003654636820466073,21.642,21.357999999999997,20.626199999999997
2024-10-14 07:00:00,21.85,21.93,21.68,21.68,9026900,-0.0059605685465382585,21.724,21.433,20.6596
2024-10-15 07:00:00,21.68,21.89,21.56,21.6,7109800,-0.0036900369003689537,21.782,21.4895,20.691399999999998
2024-10-16 07:00:00,21.52,21.6,21.39,21.52,5395600,-0.0037037037037037646,21.7,21.5355,20.734
2024-10-17 07:00:00,21.64,21.85,21.52,21.85,9195000,0.015334572490706355,21.692,21.592,20.778200000000002
2024-10-18 07:00:00,21.93,22.14,21.68,21.81,11490300,-0.0018306636155607237,21.692,21.610999999999997,20.823400000000003
2024-10-21 07:00:00,21.73,21.81,21.56,21.56,5532000,-0.011462631820265967,21.668,21.6175,20.866
2024-10-22 07:00:00,21.56,21.6,21.22,21.22,12115300,-0.01576994434137291,21.592,21.6005,20.896
2024-10-23 07:00:00,21.22,21.35,21.02,21.22,7700100,0.0,21.532,21.567,20.9226
2024-10-24 07:00:00,21.22,21.27,20.89,20.89,8926700,-0.015551366635249697,21.339999999999996,21.525,20.946000000000005
2024-10-25 07:00:00,20.89,20.97,20.77,20.81,9220400,-0.0038295835327909478,21.139999999999997,21.4835,20.968600000000002
2024-10-28 07:00:00,20.81,21.02,20.68,21.02,4995600,0.01009130225852961,21.032,21.4585,20.996199999999998
2024-10-29 07:00:00,21.14,21.14,20.97,21.06,4176800,0.0019029495718363432,21.0,21.435499999999998,21.016399999999997
2024-10-30 07:00:00,21.06,21.1,20.85,20.97,3872400,-0.004273504273504258,20.95,21.406,21.0338
2024-10-31 07:00:00,20.97,21.27,20.93,21.22,5074500,0.011921793037672934,21.016,21.393,21.0554
2024-11-01 07:00:00,21.14,21.22,20.81,20.81,7855400,-0.01932139491046181,21.016,21.3725,21.0638
2024-11-04 07:00:00,20.89,20.93,20.6,20.68,9116700,-0.006246996636232516,20.948,21.343,21.0696
2024-11-05 07:00:00,20.72,20.81,20.68,20.68,3066100,0.0,20.872,21.3115,21.0746
2024-11-06 07:00:00,20.81,21.06,20.72,20.97,6242400,0.014023210831721533,20.872,21.2635,21.0854
2024-11-07 07:00:00,21.06,21.14,20.81,20.97,4841200,0.0,20.822,21.217499999999998,21.0962
2024-11-08 07:00:00,20.97,21.06,20.68,20.81,8221400,-0.007629947544110616,20.821999999999996,21.167499999999997,21.103
2024-11-11 07:00:00,20.81,20.89,20.6,20.77,6742100,-0.001922152811148492,20.84,21.122,21.106400000000004
2024-11-12 07:00:00,20.72,20.85,20.6,20.77,4142900,0.0,20.857999999999997,21.0805,21.107400000000002
2024-11-13 07:00:00,20.72,20.81,20.56,20.81,6390100,0.001925854597977894,20.826,21.044999999999998,21.1116
2024-11-14 07:00:00,20.6,20.77,20.51,20.51,5795300,-0.014416146083613524,20.733999999999998,20.978,21.112399999999997
2024-11-15 07:00:00,20.51,20.56,20.31,20.39,9277500,-0.005850804485616812,20.65,20.907,21.109
2024-11-18 07:00:00,20.39,20.56,20.14,20.47,8106600,0.003923491907797949,20.589999999999996,20.8525,21.109799999999996
2024-11-19 07:00:00,20.47,20.51,20.31,20.31,5784700,-0.007816316560820713,20.497999999999998,20.807,21.110799999999998
2024-11-20 07:00:00,20.22,20.51,20.18,20.47,6237600,0.007877892663712416,20.43,20.7695,21.116600000000002
2024-11-21 07:00:00,20.47,20.77,20.26,20.77,7582000,0.014655593551538892,20.482,20.7635,21.1234
2024-11-22 07:00:00,20.77,20.85,20.6,20.85,5693800,0.003851709195955788,20.574,20.7655,21.132599999999996
2024-11-25 07:00:00,20.85,20.89,20.72,20.81,4108700,-0.0019184652278179115,20.642000000000003,20.755,21.1452
2024-11-26 07:00:00,20.81,20.97,20.77,20.89,3558600,0.003844305622296984,20.758000000000003,20.746499999999997,21.1536
2024-11-27 07:00:00,20.85,21.06,20.85,20.93,2744700,0.0019147917663953073,20.85,20.7445,21.1602
2024-11-28 07:00:00,21.02,21.06,20.85,21.02,4592100,0.004300047778308613,20.9,20.7345,21.1662
2024-11-29 07:00:00,21.02,21.06,20.89,21.06,3880000,0.0019029495718363432,20.942,20.747,21.1588
2024-12-02 07:00:00,21.1,21.18,20.93,21.02,2487700,-0.0018993352326684976,20.983999999999998,20.764,21.1506
2024-12-03 07:00:00,21.06,21.06,20.85,20.89,6127300,-0.00618458610846806,20.983999999999998,20.7745,21.137200000000004
2024-12-04 07:00:00,20.85,20.93,20.77,20.93,4616000,0.0019147917663953073,20.984,20.7725,21.118
2024-12-05 07:00:00,20.89,21.48,20.85,21.48,8267100,0.026278069756330735,21.076,20.798000000000002,21.112999999999996
2024-12-06 07:00:00,21.31,21.52,21.31,21.43,6049500,-0.002327746741154546,21.15,20.829,21.108800000000002
2024-12-09 07:00:00,21.39,21.43,21.18,21.31,5414200,-0.005599626691553894,21.208,20.856,21.1046
2024-12-10 07:00:00,21.31,21.31,21.18,21.18,3399100,-0.006100422336930977,21.266000000000002,20.8765,21.097800000000003
2024-12-11 07:00:00,21.18,21.31,21.06,21.22,8827300,0.0018885741265344258,21.324,20.897,21.090999999999998
2024-12-12 07:00:00,21.22,21.31,21.1,21.14,5863500,-0.0037700282752120007,21.256,20.9285,21.084199999999996
2024-12-13 07:00:00,21.14,21.14,20.97,21.02,6040200,-0.0056764427625355385,21.174,20.96,21.0802
2024-12-16 07:00:00,21.02,21.1,20.93,21.02,5161100,0.0,21.116,20.9875,21.075199999999995
2024-12-17 07:00:00,21.1,21.1,20.93,21.06,3329200,0.0019029495718363432,21.092000000000002,21.025,21.0702
2024-12-18 07:00:00,21.1,21.1,20.97,21.02,3381500,-0.0018993352326684976,21.052,21.052500000000002,21.052000000000003
2024-12-19 07:00:00,20.93,20.93,20.64,20.72,9712000,-0.014272121788772685,20.968,21.05,21.0286
2024-12-20 07:00:00,20.77,20.81,20.68,20.72,4724000,0.0,20.907999999999998,21.0435,21.006800000000002
2024-12-23 07:00:00,20.77,20.85,20.72,20.81,3465200,0.004343629343629418,20.866,21.0435,20.9894
2024-12-24 07:00:00,20.81,20.89,20.72,20.89,3230700,0.003844305622296984,20.832,21.0435,20.9752
2024-12-25 07:00:00,20.89,21.39,20.85,21.27,9512300,0.018190521780756308,20.881999999999998,21.0605,20.9702
2024-12-26 07:00:00,21.27,21.35,21.22,21.35,5579300,0.003761165961448043,21.008,21.076999999999998,20.9602
2024-12-27 07:00:00,21.39,21.48,21.31,21.35,7689900,0.0,21.134,21.0915,20.951
2024-12-30 07:00:00,21.18,21.43,21.18,21.22,5000400,-0.006088992974239038,21.216,21.101499999999998,20.944200000000002
2024-12-31 07:00:00,21.22,21.56,21.18,21.56,8841000,0.01602262016965117,21.35,21.134999999999998,20.951
2025-01-02 07:00:00,21.39,21.48,21.22,21.39,4567900,-0.0078849721706864,21.374000000000002,21.157999999999998,20.9544
2025-01-03 07:00:00,21.31,21.35,20.97,20.97,5017300,-0.01963534361851338,21.298000000000002,21.1325,20.956
2025-01-06 07:00:00,20.89,20.93,20.68,20.72,12052700,-0.011921793037672823,21.172,21.096999999999998,20.9542
2025-01-07 07:00:00,20.72,20.93,20.72,20.89,5022100,0.008204633204633272,21.106,21.076,20.9516
2025-01-08 07:00:00,20.89,20.89,20.72,20.89,4088100,0.0,20.972,21.061500000000002,20.9482
2025-01-09 07:00:00,20.85,20.89,20.77,20.85,3839200,-0.0019147917663954184,20.863999999999997,21.043,20.9458
2025-01-10 07:00:00,20.81,20.85,20.64,20.64,4710900,-0.010071942446043258,20.798,21.018,20.9342
2025-01-13 07:00:00,20.47,20.77,20.47,20.68,4625500,0.0019379844961240345,20.79,21.001,20.9316
2025-01-14 07:00:00,20.68,20.72,20.47,20.6,5059900,-0.003868471953578201,20.732,20.979999999999997,20.93
2025-01-15 07:00:00,20.77,20.85,20.6,20.81,7425100,0.010194174757281349,20.716,20.967499999999998,20.932599999999997
2025-01-16 07:00:00,20.77,20.93,20.64,20.77,5005500,-0.001922152811148492,20.7,20.955000000000002,20.928600000000003
2025-01-17 07:00:00,20.77,20.89,20.72,20.85,2378900,0.003851709195955788,20.742,20.961499999999997,20.926200000000005
2025-01-20 07:00:00,20.85,20.93,20.72,20.89,4004400,0.0019184652278176895,20.784,20.97,20.927799999999998
2025-01-21 07:00:00,20.93,20.97,20.77,20.85,4342600,-0.0019147917663954184,20.834,20.972,20.9294
2025-01-22 07:00:00,20.89,20.89,20.72,20.77,2787900,-0.003836930455635601,20.826,20.966,20.9294
2025-01-23 07:00:00,20.81,21.22,20.81,21.14,8896800,0.01781415503129513,20.9,20.9595,20.936
2025-01-24 07:00:00,21.06,21.31,21.06,21.18,4898600,0.0018921475875117721,20.966,20.951,20.9494
2025-02-03 07:00:00,20.93,21.14,20.81,20.97,4767900,-0.009915014164305958,20.982,20.932,20.961
2025-02-04 07:00:00,21.1,21.18,20.93,21.1,4903600,0.006199332379589917,21.032,20.926000000000002,20.9736
2025-02-05 07:00:00,21.1,21.22,21.06,21.22,7492100,0.005687203791469031,21.121999999999996,20.909,20.991799999999998
2025-02-06 07:00:00,21.31,21.43,21.22,21.31,5593800,0.004241281809613584,21.156,20.905,21.008599999999998
2025-02-07 07:00:00,21.31,21.56,21.22,21.48,9875600,0.00797747536367921,21.216,20.930500000000002,21.022799999999997
2025-02-10 07:00:00,21.43,21.85,21.31,21.56,14032400,0.003724394785847185,21.334,20.972500000000004,21.037
2025-02-11 07:00:00,21.6,21.68,21.48,21.6,5420500,0.0018552875695734272,21.433999999999997,21.008,21.0528
2025-02-12 07:00:00,21.64,21.73,21.43,21.43,6789000,-0.007870370370370416,21.476,21.035,21.0636
2025-02-13 07:00:00,21.43,21.52,21.35,21.48,5749900,0.002333177788147456,21.51,21.066499999999998,21.074599999999997
2025-02-14 07:00:00,21.68,21.68,21.48,21.52,8139200,0.0018621973929235924,21.518,21.1105,21.084600000000002
2025-02-17 07:00:00,21.68,21.68,21.52,21.56,5734800,0.0018587360594795044,21.518,21.1545,21.0946
2025-02-18 07:00:00,21.56,21.73,21.52,21.52,5157400,-0.0018552875695732052,21.502000000000002,21.200499999999998,21.1046
2025-02-19 07:00:00,21.52,21.64,21.48,21.56,5028300,0.0018587360594795044,21.528,21.238,21.118
2025-02-20 07:00:00,21.6,21.68,21.52,21.68,5709400,0.005565862708719838,21.568,21.283499999999997,21.133000000000003
2025-02-21 07:00:00,21.73,22.02,21.68,21.89,12719300,0.009686346863468698,21.642,21.335500000000003,21.141199999999998
2025-02-24 07:00:00,21.77,21.93,21.77,21.85,6396900,-0.001827318410232981,21.7,21.3835,21.1496
2025-02-25 07:00:00,21.85,21.93,21.73,21.73,6475900,-0.005491990846681949,21.741999999999997,21.427500000000002,21.158
2025-02-26 07:00:00,21.77,21.81,21.68,21.68,5056300,-0.0023009664058905033,21.766000000000002,21.473000000000003,21.167999999999996
2025-02-27 07:00:00,21.73,21.81,21.6,21.81,5656800,0.005996309963099522,21.792,21.5065,21.1798
2025-02-28 07:00:00,21.73,21.89,21.56,21.73,5469900,-0.003668042182485065,21.759999999999998,21.534,21.191600000000005
2025-03-03 07:00:00,21.73,21.77,21.56,21.73,5597900,0.0,21.735999999999997,21.572,21.2058
2025-03-04 07:00:00,21.64,21.89,21.56,21.85,9957300,0.0055223193741371635,21.76,21.6095,21.222400000000004
2025-03-05 07:00:00,21.98,22.27,21.85,21.85,11670700,0.0,21.794,21.641,21.238199999999996
2025-03-06 07:00:00,21.93,22.06,21.85,22.06,5071000,0.009610983981693133,21.844,21.6785,21.259
2025-03-07 07:00:00,22.14,22.39,22.02,22.27,10705500,0.00951949229374427,21.952,21.718,21.29
2025-03-10 07:00:00,22.31,22.35,22.06,22.1,8494800,-0.007633587786259444,22.026,21.744999999999997,21.317600000000002
2025-03-11 07:00:00,21.98,22.1,21.81,22.1,9142000,0.0,22.076,21.770000000000003,21.343399999999995
2025-03-12 07:00:00,22.14,22.31,21.89,21.98,7796200,-0.005429864253393757,22.102,21.7975,21.3652
2025-03-13 07:00:00,22.02,22.1,21.81,21.81,8885500,-0.007734303912647955,22.052,21.814,21.376000000000005
2025-03-14 07:00:00,21.89,21.89,21.64,21.73,11548600,-0.003668042182485065,21.944,21.8245,21.3836
2025-03-17 07:00:00,21.81,21.93,21.73,21.89,5664400,0.007363092498849477,21.902,21.841,21.3944
2025-03-18 07:00:00,21.98,22.19,21.93,21.98,6008500,0.004111466423024179,21.878,21.864,21.4096
2025-03-19 07:00:00,21.98,21.98,21.77,21.89,7913600,-0.0040946314831664665,21.86,21.8805,21.416200000000003
2025-03-20 07:00:00,22.06,22.1,21.85,21.93,4862600,0.00182731841023287,21.884000000000004,21.893,21.427
2025-03-21 07:00:00,21.93,21.98,21.81,21.81,4131900,-0.005471956224350261,21.9,21.889000000000003,21.4438
2025-03-24 07:00:00,21.93,22.02,21.77,22.02,7888300,0.009628610729023324,21.926,21.8975,21.4698
2025-03-25 07:00:00,22.06,22.1,21.85,21.98,5597300,-0.0018165304268845661,21.926,21.91,21.491600000000002
2025-03-26 07:00:00,21.98,22.1,21.81,21.85,7433900,-0.005914467697907155,21.918,21.9185,21.5108
2025-03-27 07:00:00,21.73,21.89,21.68,21.73,6649100,-0.005491990846681949,21.877999999999997,21.914499999999997,21.5284
2025-03-28 07:00:00,21.73,21.77,21.6,21.68,9728600,-0.0023009664058905033,21.852,21.912,21.5492
2025-03-31 07:00:00,21.6,21.73,21.56,21.73,9126200,0.0023062730627305683,21.794000000000004,21.912,21.5702
2025-04-01 07:00:00,21.73,21.77,21.64,21.77,3049500,0.0018407731247123138,21.752000000000002,21.907999999999998,21.593600000000002
2025-04-02 07:00:00,21.81,21.89,21.64,21.68,7480900,-0.004134129536058739,21.718,21.8995,21.611
2025-04-03 07:00:00,21.02,21.18,20.18,20.18,39685300,-0.06918819188191883,21.408,21.805500000000002,21.5992
2025-04-04 07:00:00,18.97,19.89,18.8,19.89,72249400,-0.01437066402378584,21.05,21.686500000000002,21.58
2025-04-08 07:00:00,19.3,19.47,18.51,18.51,43676900,-0.06938159879336347,20.406,21.506999999999998,21.532400000000003
2025-04-09 07:00:00,17.34,19.09,17.34,18.22,36854500,-0.015667206915181087,19.696,21.313,21.479799999999997
2025-04-10 07:00:00,19.47,19.47,19.47,19.47,996700,0.06860592755214046,19.254,21.1875,21.453799999999998
2025-04-11 07:00:00,20.72,20.81,20.01,20.77,35983500,0.0667693888032872,19.372,21.1355,21.446399999999997
2025-04-14 07:00:00,20.77,21.18,20.56,20.72,19363500,-0.002407318247472312,19.538,21.085,21.437199999999997
2025-04-15 07:00:00,20.56,20.64,20.14,20.14,14721800,-0.02799227799227788,19.863999999999997,20.997500000000002,21.4206
2025-04-16 07:00:00,20.43,20.64,20.18,20.31,11032100,0.008440913604766509,20.282,20.913999999999998,21.4048
2025-04-17 07:00:00,20.47,20.51,20.14,20.31,10139900,0.0,20.45,20.835,21.386599999999998
2025-04-18 07:00:00,20.47,20.68,20.43,20.47,10996500,0.007877892663712416,20.389999999999997,20.762,21.3698
2025-04-21 07:00:00,20.35,20.47,20.14,20.14,7246000,-0.016121152906692693,20.274,20.6785,21.343000000000004
2025-04-22 07:00:00,20.31,20.39,18.93,20.14,13607200,0.0,20.274,20.5845,21.3146
2025-04-23 07:00:00,20.56,20.56,20.18,20.56,6832100,0.020854021847070303,20.323999999999998,20.5135,21.2938
2025-04-24 07:00:00,20.39,20.51,20.18,20.18,6476600,-0.018482490272373475,20.298000000000002,20.43,21.268799999999995
2025-04-25 07:00:00,20.39,20.39,19.97,19.97,13357000,-0.010406342913776068,20.198,20.342000000000002,21.2386
2025-04-28 07:00:00,20.1,20.1,19.93,20.01,4005500,0.0020030045067602753,20.171999999999997,20.2585,21.208399999999997
2025-04-29 07:00:00,20.01,20.22,20.01,20.1,3581800,0.004497751124437732,20.164,20.177,21.1792
2025-05-05 07:00:00,20.26,20.26,20.05,20.1,4629000,0.0,20.072000000000003,20.0935,21.1508
2025-05-06 07:00:00,20.1,20.22,20.05,20.05,8432500,-0.0024875621890547706,20.046,20.012,21.1206
2025-05-07 07:00:00,20.22,20.22,20.01,20.05,7755800,0.0,20.062,20.0055,21.087999999999997
2025-05-08 07:00:00,20.14,20.18,20.01,20.18,7281600,0.006483790523690747,20.096000000000004,20.020000000000003,21.053800000000003
2025-05-09 07:00:00,20.43,20.43,20.14,20.18,5618200,0.0,20.112000000000002,20.103500000000004,21.0204
2025-05-12 07:00:00,20.26,20.43,20.18,20.39,9189800,0.010406342913775957,20.17,20.212,20.993599999999997
2025-05-13 07:00:00,20.51,20.64,20.43,20.56,9650200,0.008337420304070475,20.272,20.2665,20.971200000000003
2025-05-14 07:00:00,20.6,20.85,20.6,20.72,10919100,0.0077821011673151474,20.406,20.264,20.9494
2025-05-15 07:00:00,21.31,21.43,20.97,21.35,24647200,0.030405405405405483,20.639999999999997,20.2955,20.941799999999997
2025-05-16 07:00:00,21.48,21.48,21.27,21.27,10697100,-0.0037470725995316645,20.857999999999997,20.351999999999997,20.9326
2025-05-19 07:00:00,21.27,21.48,21.14,21.22,13916200,-0.002350728725905027,21.024,20.3975,20.92
2025-05-20 07:00:00,21.31,21.43,21.22,21.39,11025800,0.008011310084825807,21.189999999999998,20.451500000000003,20.9108
2025-05-21 07:00:00,21.52,21.64,21.39,21.43,12362200,0.0018700327255727345,21.332,20.4995,20.898200000000003
2025-05-22 07:00:00,21.48,21.52,21.31,21.35,18033200,-0.0037330844610358183,21.332,20.56,20.8798
2025-05-23 07:00:00,21.55,21.6,21.45,21.6,11956100,0.011709601873536313,21.398,20.633000000000003,20.8698
2025-05-26 07:00:00,21.6,21.65,21.1,21.5,9939200,-0.00462962962962965,21.454,20.68,20.857799999999997
2025-05-27 07:00:00,21.6,21.6,21.4,21.45,9317300,-0.0023255813953488857,21.466,20.7435,20.847199999999997
2025-05-28 07:00:00,21.5,21.55,21.35,21.4,7858900,-0.002331002331002363,21.46,20.815,20.839000000000002
2025-05-29 07:00:00,21.45,21.5,21.3,21.3,9071600,-0.004672897196261627,21.45,20.8795,20.8304
2025-05-30 07:00:00,21.3,21.35,21.1,21.1,7911500,-0.009389671361502261,21.35,20.9295,20.8146
2025-06-02 07:00:00,21.1,21.2,21.0,21.1,8187500,0.0,21.27,20.9795,20.796999999999997
2025-06-03 07:00:00,21.15,21.3,21.15,21.25,7279100,0.007109004739336511,21.23,21.0395,20.784200000000002
2025-06-04 07:00:00,21.3,21.35,21.1,21.1,5685500,-0.007058823529411673,21.17,21.092,20.767599999999998
2025-06-05 07:00:00,21.15,21.2,21.0,21.0,5316500,-0.004739336492891044,21.110000000000003,21.133,20.7514
2025-06-06 07:00:00,21.05,21.2,21.0,21.0,6783000,0.0,21.09,21.174,20.730999999999998
2025-06-09 07:00:00,21.0,21.05,20.9,20.95,5705200,-0.0023809523809523725,21.06,21.201999999999998,20.7104
2025-06-10 07:00:00,21.05,21.05,20.9,20.95,5712500,0.0,21.0,21.2215,20.6924
2025-06-11 07:00:00,21.0,21.05,20.9,20.95,3581900,0.0,20.97,21.233,20.6768
2025-06-12 07:00:00,21.05,21.15,20.95,21.05,6547500,0.004773269689737569,20.98,21.218,20.6642
2025-06-13 07:00:00,21.0,21.35,20.9,21.05,10054700,0.0,20.990000000000002,21.207,20.6506
2025-06-16 07:00:00,21.0,21.3,20.95,21.3,8986600,0.01187648456057011,21.06,21.211,20.641199999999998
2025-06-17 07:00:00,21.4,21.45,21.15,21.2,7025500,-0.0046948356807512415,21.11,21.2015,20.6316
2025-06-18 07:00:00,21.2,21.35,21.15,21.3,7425200,0.004716981132075526,21.18,21.195,20.654
2025-06-19 07:00:00,21.3,21.35,21.15,21.3,7279500,0.0,21.229999999999997,21.192500000000003,20.6822
2025-06-20 07:00:00,21.3,21.75,21.3,21.45,15752600,0.007042253521126751,21.31,21.185,20.741
2025-06-23 07:00:00,21.4,21.45,21.25,21.35,8984400,-0.004662004662004615,21.32,21.177500000000002,20.803600000000003
2025-06-24 07:00:00,21.45,21.6,21.3,21.3,8571600,-0.0023419203747072626,21.34,21.17,20.8402
2025-06-25 07:00:00,21.35,21.45,21.25,21.25,7771700,-0.0023474178403756207,21.330000000000002,21.1625,20.849800000000002
2025-06-26 07:00:00,21.3,21.35,21.15,21.2,9897400,-0.0023529411764706687,21.310000000000002,21.157500000000002,20.8594
2025-06-27 07:00:00,21.3,21.3,21.15,21.2,6312400,0.0,21.259999999999998,21.1625,20.8806
2025-06-30 07:00:00,21.25,21.3,21.15,21.3,5858100,0.004716981132075526,21.25,21.1725,20.9004
2025-07-01 07:00:00,21.3,21.4,21.25,21.3,7527600,0.0,21.25,21.175,20.9202
2025-07-02 07:00:00,21.3,21.45,21.25,21.3,7629500,0.0,21.259999999999998,21.185000000000002,20.9368
2025-07-03 07:00:00,21.35,21.6,21.3,21.4,15125500,0.004694835680751019,21.3,21.205000000000002,20.962
2025-07-04 07:00:00,21.45,22.2,21.45,21.85,26955100,0.02102803738317771,21.43,21.247500000000002,20.9962
2025-07-07 07:00:00,22.05,22.35,21.9,22.25,17316100,0.01830663615560635,21.619999999999997,21.3125,21.03
2025-07-08 07:00:00,22.4,22.4,22.1,22.25,14675400,0.0,21.81,21.377499999999998,21.071400000000004
2025-07-09 07:00:00,22.25,22.5,22.25,22.45,18703900,0.008988764044943753,22.04,21.4525,21.121
2025-07-10 07:00:00,22.65,22.7,22.4,22.55,9132500,0.0044543429844099425,22.270000000000003,21.527499999999996,21.171800000000005
2025-07-11 07:00:00,22.55,22.75,22.5,22.7,15977200,0.006651884700665134,22.44,21.610000000000003,21.223799999999997
2025-07-14 07:00:00,22.75,22.85,22.35,22.7,12303700,0.0,22.53,21.68,21.2758
2025-07-15 07:00:00,22.7,22.8,22.45,22.45,12688100,-0.011013215859030812,22.57,21.7425,21.323800000000002
2025-07-16 07:00:00,22.45,22.55,22.3,22.45,10934500,0.0,22.57,21.8,21.371800000000004
2025-07-17 07:00:00,22.45,22.55,22.4,22.45,15112900,0.0,22.55,21.857499999999998,21.4172
2025-07-18 07:00:00,22.5,22.75,22.4,22.65,17844500,0.008908685968819663,22.54,21.9175,21.4666
2025-07-21 07:00:00,22.7,23.1,22.65,22.85,17137200,0.008830022075055233,22.57,21.9925,21.515800000000002
2025-07-22 07:00:00,22.85,22.9,22.6,22.9,12037900,0.002188183807439792,22.66,22.072499999999998,21.562599999999996
2025-07-23 07:00:00,23.05,23.15,22.9,23.0,15197600,0.004366812227074357,22.77,22.16,21.608199999999997
2025-07-24 07:00:00,23.15,23.5,23.1,23.2,15167000,0.008695652173912993,22.919999999999998,22.259999999999998,21.6452
2025-07-25 07:00:00,23.45,23.7,23.45,23.6,17559600,0.017241379310344973,23.110000000000003,22.380000000000003,21.691799999999997
2025-07-28 07:00:00,23.7,23.85,23.5,23.85,16870500,0.010593220338983134,23.31,22.5075,21.7444
2025-07-29 07:00:00,23.9,23.95,22.75,22.75,34025200,-0.04612159329140464,23.28,22.58,21.771600000000003
2025-07-30 07:00:00,22.75,23.1,22.7,23.0,15001100,0.01098901098901095,23.28,22.665,21.803
2025-07-31 07:00:00,23.2,23.25,22.7,23.0,10605400,0.0,23.240000000000002,22.744999999999997,21.836
2025-08-01 07:00:00,23.0,23.05,22.8,23.0,7316600,0.0,23.119999999999997,22.8025,21.864
2025-08-04 07:00:00,23.0,23.3,22.8,23.3,11137700,0.01304347826086949,23.009999999999998,22.854999999999997,21.9
2025-08-05 07:00:00,23.5,24.5,23.3,23.45,42323400,0.006437768240343367,23.15,22.915,21.94
2025-08-06 07:00:00,23.7,24.4,23.7,24.2,16251000,0.031982942430703654,23.39,23.002499999999998,21.996000000000002
2025-08-07 07:00:00,24.4,24.65,24.1,24.4,19097800,0.008264462809917328,23.669999999999998,23.095000000000002,22.057999999999996
2025-08-08 07:00:00,24.5,24.8,24.0,24.25,15787100,-0.006147540983606481,23.919999999999998,23.1725,22.121
2025-08-11 07:00:00,24.3,24.7,24.25,24.4,16056300,0.006185567010309256,24.14,23.2575,22.187
2025-08-12 07:00:00,24.5,24.55,24.1,24.25,14628100,-0.006147540983606481,24.3,23.3475,22.247000000000003
2025-08-13 07:00:00,24.4,24.65,24.15,24.5,19292100,0.010309278350515427,24.36,23.45,22.315
2025-08-14 07:00:00,24.75,26.2,24.7,26.2,34889500,0.06938775510204076,24.72,23.6375,22.419
2025-08-15 07:00:00,27.3,27.6,26.35,26.55,29322600,0.01335877862595436,25.18,23.8325,22.53
2025-08-18 07:00:00,26.8,27.5,26.35,27.05,28477800,0.01883239171374762,25.71,24.0425,22.651999999999997
2025-08-19 07:00:00,27.05,28.7,27.0,28.45,41181100,0.05175600739371533,26.55,24.32,22.802000000000003
2025-08-20 07:00:00,28.5,28.5,26.9,28.0,33270000,-0.01581722319859402,27.25,24.57,22.943
2025-08-21 07:00:00,28.3,29.5,28.0,29.45,45796400,0.051785714285714324,27.9,24.8825,23.111000000000004
2025-08-22 07:00:00,29.0,29.4,27.65,27.85,43014300,-0.05432937181663833,28.160000000000004,25.095,23.247
2025-08-25 07:00:00,28.2,28.4,25.95,26.2,37410300,-0.05924596050269304,27.99,25.2125,23.345
2025-08-26 07:00:00,26.25,27.4,26.1,27.35,20812100,0.043893129770992356,27.77,25.442500000000003,23.467999999999996
2025-08-27 07:00:00,27.8,28.6,27.55,27.65,18831800,0.010968921389396646,27.7,25.675,23.595
2025-08-28 07:00:00,27.8,28.15,27.1,27.55,13927700,-0.003616636528028905,27.320000000000004,25.902499999999996,23.72
2025-08-29 07:00:00,27.75,28.4,27.5,27.8,21625300,0.00907441016333932,27.310000000000002,26.142500000000002,23.846999999999998
2025-09-03 07:00:00,27.7,27.75,27.2,27.5,18715200,-0.010791366906474864,27.57,26.3525,23.97
2025-09-04 07:00:00,27.6,27.75,27.4,27.65,11279900,0.005454545454545379,27.630000000000003,26.5625,24.097
2025-09-05 07:00:00,27.95,28.05,27.15,27.15,23539400,-0.018083182640144635,27.53,26.71,24.215
2025-09-08 07:00:00,27.0,27.6,26.55,26.55,26152700,-0.022099447513812098,27.330000000000002,26.817500000000003,24.322000000000003
2025-09-09 07:00:00,26.95,26.95,26.45,26.55,15204500,0.0,27.080000000000002,26.932499999999997,24.429000000000002
2025-09-10 07:00:00,26.7,26.85,26.45,26.55,14091100,0.0,26.889999999999997,27.04,24.534000000000002
2025-09-11 07:00:00,26.5,26.55,25.8,26.2,20449900,-0.013182674199623379,26.6,27.1375,24.632
2025-09-12 07:00:00,26.55,26.65,26.2,26.3,12219900,0.003816793893129722,26.43,27.2275,24.732
2025-09-15 07:00:00,26.3,26.65,26.1,26.4,27899800,0.0038022813688212143,26.4,27.2375,24.832000000000004
2025-09-16 07:00:00,26.6,26.6,26.2,26.4,40108800,0.0,26.369999999999997,27.23,24.923
2025-09-17 07:00:00,26.4,26.45,26.05,26.15,13049100,-0.009469696969697017,26.29,27.184999999999995,25.000999999999998
2025-09-18 07:00:00,26.2,26.2,25.55,25.55,21848000,-0.02294455066921597,26.159999999999997,27.04,25.066999999999997
2025-09-19 07:00:00,25.8,25.8,25.3,25.35,13429700,-0.007827788649706457,25.97,26.9075,25.125
2025-09-22 07:00:00,25.45,25.45,25.05,25.15,19404800,-0.007889546351084964,25.72,26.692500000000003,25.177
2025-09-23 07:00:00,25.15,25.7,25.15,25.35,9385500,0.007952286282306265,25.509999999999998,26.567500000000003,25.23
2025-09-24 07:00:00,25.5,26.0,25.25,26.0,10853300,0.02564102564102555,25.48,26.557499999999997,25.296
2025-09-25 07:00:00,26.15,26.15,25.65,25.65,8158200,-0.013461538461538525,25.5,26.472499999999997,25.36
2025-09-26 07:00:00,25.65,25.75,25.45,25.65,8974500,0.0,25.56,26.372500000000002,25.424
2025-09-29 07:00:00,25.55,25.8,25.35,25.6,8265200,-0.0019493177387913674,25.65,26.275,25.487
2025-09-30 07:00:00,25.75,25.8,25.45,25.5,9277900,-0.00390625,25.68,26.159999999999997,25.544
2025-10-01 07:00:00,25.7,25.95,25.55,25.8,10480500,0.0117647058823529,25.639999999999997,26.075,25.602999999999998
2025-10-02 07:00:00,25.9,26.2,25.7,25.75,10937500,-0.0019379844961240345,25.660000000000004,25.98,25.66
2025-10-03 07:00:00,25.75,25.85,25.5,25.65,9813400,-0.003883495145631133,25.660000000000004,25.905,25.713
2025-10-06 07:00:00,26.15,26.8,25.9,26.8,20288600,0.04483430799220289,25.9,25.9175,25.785
2025-10-07 07:00:00,26.9,26.9,26.45,26.45,12389800,-0.013059701492537323,26.089999999999996,25.9125,25.842000000000002
2025-10-08 07:00:00,26.65,26.85,26.6,26.75,18228000,0.011342155009451904,26.28,25.922500000000003,25.9
2025-10-09 07:00:00,26.8,26.95,26.6,26.95,16388600,0.007476635514018559,26.52,25.96,25.984
2025-10-10 07:00:00,27.05,27.2,26.8,26.95,16337400,0.0,26.779999999999994,25.9925,26.063
2025-10-13 07:00:00,26.55,26.8,26.4,26.75,18373300,-0.007421150278293154,26.77,26.01,26.137999999999998
2025-10-14 07:00:00,26.75,26.95,26.25,26.3,18531600,-0.016822429906542036,26.740000000000002,26.005000000000003,26.204
2025-10-15 07:00:00,26.4,26.65,26.15,26.3,14416100,0.0,26.65,26.0125,26.264
2025-10-16 07:00:00,26.4,26.55,26.15,26.3,13461000,0.0,26.52,26.05,26.320999999999998
2025-10-17 07:00:00,26.3,26.4,25.75,25.75,16289600,-0.020912547528517123,26.28,26.07,26.351999999999997
2025-10-20 07:00:00,25.6,25.65,24.6,24.8,32231800,-0.03689320388349515,25.889999999999997,26.0525,26.36
2025-10-21 07:00:00,24.85,25.3,24.85,25.0,19371400,0.008064516129032251,25.630000000000003,26.034999999999997,26.375
2025-10-22 07:00:00,25.2,25.3,24.65,25.1,15620500,0.0040000000000000036,25.389999999999997,25.99,26.389
2025-10-23 07:00:00,25.1,25.2,24.95,24.95,8751200,-0.005976095617529986,25.119999999999997,25.955000000000002,26.403
2025-10-24 07:00:00,24.95,25.3,24.8,25.0,11724500,0.002004008016032177,24.97,25.922500000000003,26.412999999999997
2025-10-27 07:00:00,25.3,25.55,24.95,25.0,10208700,0.0,25.009999999999998,25.892500000000002,26.388999999999996
2025-10-28 07:00:00,25.1,25.4,25.05,25.4,10305300,0.016000000000000014,25.09,25.8875,26.366
2025-10-29 07:00:00,25.4,25.55,25.3,25.4,6350700,0.0,25.15,25.8675,26.333000000000002
2025-10-30 07:00:00,25.5,25.7,25.0,25.1,9309300,-0.011811023622047112,25.18,25.834999999999997,26.266
2025-10-31 07:00:00,25.3,25.5,25.05,25.5,12748200,0.015936254980079667,25.28,25.827499999999997,26.215999999999998
2025-11-03 07:00:00,25.4,25.9,25.3,25.45,13864900,-0.0019607843137254832,25.369999999999997,25.76,26.136
2025-11-04 07:00:00,25.45,26.1,25.4,26.0,17972000,0.0216110019646365,25.49,25.7375,26.099
2025-11-05 07:00:00,25.8,25.9,25.55,25.6,6212200,-0.01538461538461533,25.53,25.68,26.087
2025-11-06 07:00:00,25.55,25.7,25.3,25.3,6525200,-0.01171875,25.57,25.597500000000004,26.046
2025-11-07 07:00:00,25.25,25.3,24.85,24.9,12107200,-0.015810276679842028,25.45,25.494999999999997,25.991
2025-11-10 07:00:00,24.9,25.2,24.7,24.8,7222900,-0.004016064257028051,25.32,25.3975,25.936
2025-11-11 07:00:00,24.85,25.05,24.8,24.85,6962300,0.002016129032258007,25.089999999999996,25.325,25.877000000000002
2025-11-12 07:00:00,25.0,25.2,24.8,25.2,6319100,0.014084507042253502,25.009999999999998,25.270000000000003,25.831
2025-11-13 07:00:00,25.2,25.2,25.0,25.1,5637200,-0.003968253968253843,24.970000000000002,25.21,25.78
2025-11-14 07:00:00,25.1,25.1,24.9,24.95,6763400,-0.005976095617529986,24.98,25.169999999999998,25.736000000000004
2025-11-17 07:00:00,25.0,25.15,24.95,25.15,3945100,0.008016032064128265,25.05,25.1875,25.708
2025-11-18 07:00:00,25.2,25.4,25.05,25.1,6387000,-0.001988071570576455,25.1,25.1925,25.679000000000002
2025-11-19 07:00:00,25.15,25.15,24.85,24.9,5994400,-0.007968127490039945,25.04,25.1825,25.646
2025-11-20 07:00:00,25.0,25.0,24.8,24.8,6153200,-0.004016064257028051,24.979999999999997,25.175,25.618
2025-11-21 07:00:00,24.75,24.85,24.6,24.7,7299200,-0.0040322580645162365,24.93,25.16,25.586
2025-11-24 07:00:00,24.7,24.85,24.6,24.6,7081700,-0.004048582995951344,24.82,25.139999999999997,25.55
2025-11-25 07:00:00,24.65,24.7,24.1,24.2,15856700,-0.016260162601626105,24.64,25.080000000000002,25.506
2025-11-26 07:00:00,24.2,24.4,24.15,24.2,9003200,0.0,24.5,25.020000000000003,25.467
2025-11-27 07:00:00,24.45,24.5,24.3,24.35,7791600,0.006198347107438051,24.410000000000004,24.982499999999998,25.443
2025-11-28 07:00:00,24.35,24.45,24.25,24.25,5358800,-0.004106776180698213,24.32,24.919999999999998,25.421000000000003
2025-12-01 07:00:00,24.3,24.35,24.0,24.0,9243000,-0.010309278350515427,24.2,24.8475,25.398000000000003
2025-12-02 07:00:00,24.05,24.15,23.85,23.95,15503200,-0.002083333333333326,24.15,24.745,25.37
2025-12-03 07:00:00,24.0,24.55,24.0,24.45,16051700,0.02087682672233826,24.2,24.6875,25.339000000000002
2025-12-04 07:00:00,24.55,25.0,24.5,24.9,12219800,0.018404907975460016,24.310000000000002,24.667499999999997,25.324
2025-12-05 07:00:00,24.9,25.0,24.35,24.35,8994300,-0.02208835341365456,24.330000000000002,24.64,25.298
2025-12-08 07:00:00,24.25,24.45,24.2,24.2,4935600,-0.006160164271047264,24.37,24.61,25.27
2025-12-09 07:00:00,24.2,24.25,24.0,24.1,11326500,-0.004132231404958553,24.4,24.5725,25.241999999999997
2025-12-10 07:00:00,24.15,24.3,24.05,24.1,5460100,0.0,24.330000000000002,24.5175,25.208000000000002
2025-12-11 07:00:00,24.25,24.25,23.95,23.95,7525800,-0.006224066390041583,24.139999999999997,24.46,25.172000000000004
2025-12-12 07:00:00,24.05,24.1,23.5,23.5,13924900,-0.018789144050104345,23.97,24.3875,25.129
2025-12-15 07:00:00,23.5,23.6,23.45,23.55,9317100,0.0021276595744681437,23.84,24.307499999999997,25.064
2025-12-16 07:00:00,23.55,24.8,23.45,24.0,9830200,0.019108280254777066,23.82,24.2525,25.015
2025-12-17 07:00:00,24.05,24.15,23.9,24.0,6430600,0.0,23.8,24.2075,24.96
2025-12-18 07:00:00,24.0,24.0,23.8,23.85,3558000,-0.006249999999999978,23.78,24.16,24.897999999999996
2025-12-19 07:00:00,23.9,24.05,23.85,23.9,3538700,0.002096436058700135,23.860000000000003,24.119999999999997,24.837000000000003
2025-12-22 07:00:00,24.0,24.45,23.9,24.3,10013100,0.01673640167364021,24.009999999999998,24.105,24.788
2025-12-23 07:00:00,24.45,24.6,23.95,24.2,8578300,-0.004115226337448652,24.05,24.104999999999997,24.746
2025-12-24 07:00:00,24.15,24.45,23.95,24.3,8709200,0.004132231404958775,24.11,24.11,24.706
2025-12-25 07:00:00,24.3,24.6,24.0,24.0,7250600,-0.012345679012345734,24.14,24.0925,24.66
2025-12-26 07:00:00,23.9,24.05,23.65,23.9,7831900,-0.004166666666666763,24.139999999999997,24.075,24.623
2025-12-29 07:00:00,23.85,24.1,23.8,24.0,3770400,0.004184100418409997,24.080000000000002,24.075,24.607000000000003
2025-12-30 07:00:00,24.0,24.2,23.9,24.1,5337300,0.004166666666666652,24.06,24.0825,24.589000000000002
2025-12-31 07:00:00,24.15,24.25,23.9,24.0,5932900,-0.004149377593361092,24.0,24.06,24.566999999999997
2026-01-05 07:00:00,24.0,24.1,23.85,24.0,8986200,0.0,24.0,24.015,24.548000000000002
2026-01-06 07:00:00,24.05,24.1,23.75,24.0,12736300,0.0,24.02,23.9975,24.528000000000002
2026-01-07 07:00:00,24.2,24.75,24.1,24.65,22731900,0.027083333333333348,24.15,24.02,24.521000000000004
2026-01-08 07:00:00,24.75,25.05,24.5,24.55,24925700,-0.0040567951318457585,24.240000000000002,24.042499999999997,24.504
2026-01-09 07:00:00,24.7,24.95,24.5,24.55,16460000,0.0,24.35,24.065,24.487
2026-01-12 07:00:00,24.65,25.5,24.65,25.5,22302500,0.0386965376782078,24.65,24.142500000000002,24.495
2026-01-13 07:00:00,25.7,25.8,24.9,24.9,24138300,-0.02352941176470591,24.830000000000002,24.2125,24.483
2026-01-14 07:00:00,25.0,25.15,24.5,24.65,19456100,-0.010040160642570295,24.83,24.267500000000002,24.467
2026-01-15 07:00:00,24.85,24.9,24.55,24.9,14169900,0.010141987829614507,24.9,24.3125,24.445
2026-01-16 07:00:00,25.0,25.1,24.65,24.85,10941400,-0.00200803212851397,24.96,24.355,24.43
2026-01-19 07:00:00,24.9,25.15,24.75,25.1,10927600,0.010060362173038184,24.880000000000003,24.417499999999997,24.426000000000002
2026-01-20 07:00:00,25.1,25.3,25.0,25.05,18384900,-0.0019920318725099584,24.91,24.475,24.429000000000002
2026-01-21 07:00:00,25.0,25.15,24.75,24.85,12924400,-0.007984031936127733,24.95,24.5025,24.43
2026-01-22 07:00:00,24.9,25.05,24.8,24.85,10084800,0.0,24.94,24.535,24.43
2026-01-23 07:00:00,25.0,25.1,24.9,25.05,11781000,0.008048289738430636,24.98,24.572499999999998,24.427000000000003
2026-01-26 07:00:00,25.05,25.1,24.65,24.8,13742900,-0.009980039920159722,24.92,24.6125,24.421
2026-01-27 07:00:00,24.6,24.8,24.45,24.7,12471600,-0.0040322580645162365,24.85,24.6525,24.416
2026-01-28 07:00:00,24.45,24.5,23.85,23.9,32294900,-0.03238866396761142,24.660000000000004,24.6475,24.391
2026-01-29 07:00:00,24.0,24.15,23.75,23.8,20344800,-0.004184100418409997,24.45,24.6325,24.365
2026-01-30 07:00:00,23.85,24.1,23.8,24.1,15667300,0.012605042016806678,24.259999999999998,24.6375,24.349
2026-02-02 07:00:00,24.05,24.05,23.7,23.75,14303300,-0.014522821576763545,24.05,24.625,24.328000000000003
2026-02-03 07:00:00,23.8,23.9,23.7,23.7,17659700,-0.002105263157894721,23.85,24.61,24.308000000000003
2026-02-04 07:00:00,23.7,23.8,23.55,23.6,17881700,-0.00421940928270037,23.79,24.5575,24.287999999999997
2026-02-05 07:00:00,23.65,23.7,23.45,23.45,14043600,-0.006355932203389925,23.72,24.5025,24.273000000000003
2026-02-06 07:00:00,23.4,23.45,23.0,23.0,18597300,-0.019189765458422103,23.5,24.425,24.249000000000002
2026-02-09 07:00:00,23.2,23.35,22.9,22.95,11128300,-0.0021739130434782483,23.34,24.2975,24.221
2026-02-10 07:00:00,23.1,23.15,22.85,23.0,14120400,0.002178649237472907,23.2,24.2025,24.195999999999998
2026-02-11 07:00:00,23.05,23.65,23.05,23.65,17796900,0.02826086956521734,23.21,24.1525,24.188999999999997
2026-02-12 07:00:00,23.65,23.85,23.55,23.85,17469600,0.008456659619450413,23.29,24.1,24.187
2026-02-13 07:00:00,23.85,23.9,23.7,23.85,13629700,0.0,23.46,24.05,24.175
2026-02-23 07:00:00,24.0,24.1,23.85,24.05,11535400,0.008385744234800763,23.68,23.997500000000002,24.157999999999998
2026-02-24 07:00:00,24.1,24.1,24.0,24.0,13798400,-0.0020790020790021346,23.880000000000003,23.945,24.151
2026-02-25 07:00:00,24.1,24.45,24.05,24.45,16965000,0.018750000000000044,24.04,23.925,24.156
2026-02-26 07:00:00,24.5,24.55,24.25,24.45,13367200,0.0,24.16,23.905,24.163
2026-02-27 07:00:00,24.45,24.6,24.2,24.55,11051000,0.004089979550102374,24.3,23.880000000000003,24.171999999999997
2026-03-02 07:00:00,24.0,24.2,23.9,23.95,19337800,-0.024439918533604943,24.279999999999998,23.8375,24.171999999999997
2026-03-03 07:00:00,23.95,24.25,23.5,23.5,14088200,-0.018789144050104345,24.18,23.7775,24.171999999999997
2026-03-04 07:00:00,23.5,23.6,23.1,23.2,21996800,-0.012765957446808529,23.93,23.7425,24.165
2026-03-05 07:00:00,23.5,23.55,23.2,23.55,9923300,0.015086206896551824,23.75,23.73,24.156
2026-03-06 07:00:00,23.5,23.6,23.2,23.3,11699100,-0.010615711252653925,23.5,23.69,24.142
2026-03-09 07:00:00,22.1,22.65,21.7,21.7,35451400,-0.06866952789699576,23.05,23.5875,24.099
2026-03-10 07:00:00,22.55,23.2,22.0,23.15,23159600,0.06682027649769573,22.98,23.56,24.084
2026-03-11 07:00:00,23.05,23.6,23.0,23.2,18301200,0.002159827213823018,22.98,23.54,24.061999999999998
2026-03-12 07:00:00,23.0,23.25,22.6,23.15,15668600,-0.0021551724137931494,22.9,23.525,24.041
2026-03-13 07:00:00,22.95,23.45,22.8,23.45,15525700,0.012958963282937441,22.93,23.5475,24.024
2026-03-16 07:00:00,23.4,23.45,23.25,23.45,9534100,0.0,23.28,23.572499999999998,24.013
2026-03-17 07:00:00,23.5,23.85,23.5,23.75,9847800,0.01279317697228155,23.4,23.61,24.01
2026-03-18 07:00:00,23.75,23.9,23.55,23.75,10506600,0.0,23.51,23.615,24.005
2026-03-19 07:00:00,23.5,23.8,23.25,23.6,16614600,-0.0063157894736841635,23.6,23.6025,23.995
2026-03-20 07:00:00,23.4,23.5,23.0,23.0,13775200,-0.025423728813559365,23.509999999999998,23.56,23.975
2026-03-23 07:00:00,22.95,22.95,22.45,22.5,15858400,-0.021739130434782594,23.32,23.482499999999998,23.945
2026-03-24 07:00:00,22.75,23.1,22.75,23.1,14004000,0.02666666666666684,23.189999999999998,23.4375,23.927
2026-03-25 07:00:00,23.2,23.8,23.15,23.8,12449400,0.030303030303030276,23.2,23.404999999999998,23.91
2026-03-26 07:00:00,23.7,23.7,23.3,23.6,8294500,-0.008403361344537785,23.2,23.3625,23.891
2026-03-27 07:00:00,23.4,23.8,23.3,23.8,7638400,0.008474576271186418,23.360000000000003,23.325,23.875999999999998
2026-03-30 07:00:00,23.3,23.8,23.3,23.75,7414700,-0.0021008403361344463,23.610000000000003,23.315,23.840999999999998
